"drug","n_samples","n_cluster1","n_cluster2","mean_auc_cluster1","mean_auc_cluster2","sd_auc_cluster1","sd_auc_cluster2","median_auc_cluster1","median_auc_cluster2","wilcoxon_pvalue","cohens_d","fold_difference","cluster_more_sensitive","fdr"
"Venetoclax",367,184,183,107.345188535091,192.000106716841,71.203553498675,63.8451196702825,91.7404202284515,203.493497768704,2.78126478970844e-24,-1.2518380358367,0.559089212869044,"Cluster_1",4.31096042404808e-22
"Panobinostat",286,138,148,128.445998399528,63.7042223005193,85.1177585113598,51.7047894742064,100.380835254445,51.7387244660771,1.11594255271991e-12,0.919344754008401,2.01628704913144,"Cluster_2",8.64855478357927e-11
"Selumetinib (AZD6244)",456,216,240,213.234523001101,171.322528161491,64.7362703801318,69.8048842499721,223.290955942614,172.967280975486,4.52148082363893e-11,0.622594389751063,1.24463796611794,"Cluster_2",2.33609842554678e-09
"PHA-665752",452,214,238,198.351013325655,223.853319564343,47.8365781529845,42.9517861685799,207.002815450776,229.809855240788,6.9499688599639e-10,-0.560985391038927,0.886075818360343,"Cluster_1",2.29710617016189e-08
"Nilotinib",472,228,244,232.312531373791,213.61249340082,46.9735371637523,38.2828627930504,241.88224353749,215.403292875689,7.41001990374804e-10,0.436416118007305,1.08754187395717,"Cluster_2",2.29710617016189e-08
"NF-kB Activation Inhibitor",441,210,231,176.95711351221,214.499474029983,67.0779956387185,48.1439579545617,188.521410227721,218.542043621823,9.69890928488885e-10,-0.643028805936067,0.824976911073798,"Cluster_1",2.50555156526295e-08
"MK-2206",448,216,232,220.204642016986,187.63935095982,55.6574997194688,61.3207532259762,229.816106072999,192.557310479376,2.47434195677382e-09,0.556123789227494,1.17355256714856,"Cluster_2",5.47890004714203e-08
"Sorafenib",494,234,260,171.936829480744,200.799652871674,53.6568800715484,40.4987674729762,179.543640290627,203.322057463932,3.20572778984415e-09,-0.607187053597629,0.856260591200446,"Cluster_1",6.21109759282305e-08
"KW-2449",449,214,235,184.66307744425,217.692314250022,63.2641466367615,48.3190259781163,193.309283048342,225.934110890912,4.45627071988452e-09,-0.586771381382488,0.848275595215379,"Cluster_1",7.10504576685432e-08
"Erlotinib",485,227,258,210.601031055686,228.526530900513,36.9736939185035,31.3995151934127,216.885528739688,233.632996058535,4.58390049474472e-09,-0.522608925537173,0.921560530524873,"Cluster_1",7.10504576685432e-08
"LY-333531",415,195,220,197.97351747513,218.625985355662,37.8360657660806,33.831663978127,201.685471885942,218.74801060986,2.36420031637883e-08,-0.575441837055871,0.905535163869316,"Cluster_1",3.33137317307926e-07
"Rapamycin",466,221,245,178.514522637532,151.07808307063,54.8984074372132,55.070017461383,182.501572544753,151.138714909521,3.0831400384985e-08,0.498986980754266,1.18160436649223,"Cluster_2",3.9823892163939e-07
"NVP-TAE684",451,214,237,176.96605148542,204.689814697006,55.1543212243138,47.5351310095371,180.21451436769,207.2547520479,5.57050411461146e-08,-0.53847333046026,0.864557192293009,"Cluster_1",6.64175490588289e-07
"Cediranib (AZD2171)",454,218,236,257.784689198757,241.060842791732,33.4555871141396,39.6821083942492,265.77899126265,246.145891191778,8.66711989413967e-08,0.455676594804555,1.06937603890099,"Cluster_2",9.59573988279749e-07
"Palbociclib",295,146,149,213.606504037564,238.590024579042,50.7624316437469,38.397162752751,221.170398500304,248.412165086551,1.72826323597663e-07,-0.555109403454227,0.895286818526644,"Cluster_1",1.6939596222194e-06
"SR9011",266,135,131,235.707709067447,257.22546934856,40.8025744635439,32.1501336727556,241.545653885402,266.607709183649,1.74860348100067e-07,-0.585804044997988,0.916346696399823,"Cluster_1",1.6939596222194e-06
"Trametinib (GSK1120212)",484,233,251,146.091872212317,117.827656280791,61.7377249381484,68.8411331177998,141.466436156154,101.395838202943,3.82164893433915e-07,0.43226733501646,1.23987760449185,"Cluster_2",3.48444461660334e-06
"Pelitinib (EKB-569)",452,213,239,140.013981568943,163.577310812969,50.2691182965172,49.2504928389679,143.457054134474,166.712659953839,8.21693726094281e-07,-0.473516622078341,0.855949892274683,"Cluster_1",7.07569597470076e-06
"AZD1152-HQPA (AZD2811)",455,218,237,200.216697996292,223.717629100777,56.8104506191719,41.7049743087534,213.361467166587,233.455962886698,2.14168384122565e-06,-0.471590117902154,0.894952708023296,"Cluster_1",1.74716313363145e-05
"Dovitinib (CHIR-258)",455,218,237,137.500915315428,163.955340122039,58.3694615553352,51.1260216860298,143.074579487867,167.184208717834,4.91708497128223e-06,-0.482151927651504,0.838648593044179,"Cluster_1",3.81074085274373e-05
"Idelalisib",444,206,238,199.511705755165,181.660182771989,48.9264369248242,46.5674479162405,204.353857982086,182.603871206279,5.4334045403e-06,0.373763799584248,1.09826877145435,"Cluster_2",4.01037001784048e-05
"Vandetanib (ZD6474)",481,228,253,210.679441454132,229.523712003808,51.3153275060971,41.3203002234133,218.820542662664,235.186075070848,7.29997146631624e-06,-0.404499456525073,0.917898371435523,"Cluster_1",5.14316171490462e-05
"INK-128",458,218,240,134.994861601482,114.833873803041,52.5156915584737,56.4874912082249,132.713688801352,102.47166068579,9.71822667048111e-06,0.369670258061651,1.17556655654603,"Cluster_2",6.54923971271553e-05
"A-674563",461,218,243,126.424582063939,144.756179729464,52.7348452760775,44.2092679877681,121.193730644705,137.689628388846,1.45000213389273e-05,-0.376734950289057,0.873362244708413,"Cluster_1",9.14892361873777e-05
"Motesanib (AMG-706)",450,221,229,234.440705733759,213.589626660042,49.2634254287238,55.4099991302242,246.368640924322,222.608885500321,1.4756328417319e-05,0.397717423464954,1.0976221523478,"Cluster_2",9.14892361873777e-05
"Lenalidomide",265,133,132,219.499320665034,251.536955256091,63.1020523316216,37.2803873895897,235.797103495888,265.366761197809,1.65062562703288e-05,-0.618186784211754,0.87263249426535,"Cluster_1",9.83083050532532e-05
"Flavopiridol",451,214,237,135.442884808245,110.917686178439,66.5988227919756,53.7450216663779,119.788815012195,100.211238234981,1.71246724931473e-05,0.405280233363215,1.22111170431693,"Cluster_2",9.83083050532532e-05
"SU11274",402,190,212,203.455864671811,221.22481711729,46.0477190522902,40.4463137665734,208.44186176435,228.159270958074,2.05755875645021e-05,-0.410012292077337,0.919679208340996,"Cluster_1",0.000113900574017779
"GDC-0941",424,199,225,154.308787097556,136.013986677299,45.2047574748078,49.6147406786526,154.708036869497,134.717437304037,3.58797362872031e-05,0.38547020366326,1.13450675821791,"Cluster_2",0.000191771004293672
"AGI-6780",297,139,158,222.005727508588,242.493513920899,51.2266855671038,36.7407824284225,230.939931670501,251.402364160842,4.49292010933959e-05,-0.45961364429822,0.915512023059741,"Cluster_1",0.000232134205649212
"CI-1040 (PD184352)",461,220,241,194.986952427789,177.14316002509,49.5197111477077,50.4003848980566,200.266844510506,177.494476449519,6.23053954663339e-05,0.357147362183259,1.10073091391263,"Cluster_2",0.000311526977331669
"Vargetef",452,218,234,168.1885784554,189.964943141829,58.1537766080399,54.6512014271111,166.879876342578,194.648479221663,8.14855949894463e-05,-0.385902740145863,0.885366403262253,"Cluster_1",0.000391681775078839
"DBZ",366,177,189,222.087696238501,240.76266378424,50.066564008796,37.0366734723543,229.862169182429,247.817243140596,8.33980371595659e-05,-0.424082056733604,0.922434121419778,"Cluster_1",0.000391681775078839
"Elesclomol",431,207,224,59.4247505885567,50.2552960035792,56.0750391096901,62.6813353173036,43.4672387640941,26.2559502558773,8.59172925979389e-05,0.154186243079289,1.18245747839838,"Cluster_2",0.000391681775078839
"Regorafenib (BAY 73-4506)",450,216,234,171.873887308218,189.875589389886,44.6047964671079,39.0157458947497,174.351271180501,186.530154748758,0.000117008993746245,-0.429598417660857,0.90519212006392,"Cluster_1",0.000518182686590512
"Roscovitine (CYC-202)",462,221,241,249.616314383068,257.417035110236,35.6983865628598,38.3487069173795,259.551002417594,268.058116498106,0.000139556125575203,-0.210561372003238,0.969696175220778,"Cluster_1",0.000600866651782125
"Neratinib (HKI-272)",453,215,238,150.913650982311,168.061584994818,47.7538070564088,49.1213954142857,147.335800150136,166.785102229201,0.000166088220144623,-0.353985852406736,0.897966367429919,"Cluster_1",0.000695774976281529
"MLN8054",452,219,233,240.67634559024,253.186337300363,42.0148296966988,31.5063808167053,250.332898242079,260.289090333549,0.000310677147296697,-0.336885969476362,0.950589783621372,"Cluster_1",0.00126723573239442
"Canertinib (CI-1033)",455,217,238,209.436894304003,222.642574861323,42.1363525224127,36.5594860745496,214.410899930187,225.745735330761,0.000413000406600775,-0.33477362169198,0.940686633876986,"Cluster_1",0.00164141187238769
"Sunitinib",488,230,258,187.098695160864,204.575747952144,50.3511008171219,40.9216662940951,189.089451479962,209.80083529035,0.000474421565704411,-0.38093566232863,0.914569283181269,"Cluster_1",0.00183838356710459
"AT7519",446,209,237,141.944788698624,129.30667305852,44.5497183984667,40.7287704663242,137.201334258681,125.439210885566,0.000499412010590338,0.296099265905844,1.09773753620886,"Cluster_2",0.0018880210156464
"Tofacitinib (CP-690550)",458,218,240,223.855863267767,213.038453170587,42.8697970418778,40.1465887909843,229.90574170701,214.48575103996,0.00053621219398258,0.260468933279929,1.05077679609567,"Cluster_2",0.00197887833493571
"RAF265 (CHIR-265)",450,217,233,146.436858633499,163.766290185139,55.0831999508031,46.0285566226057,147.000645372145,166.200786178254,0.000617016415206561,-0.341411560064488,0.894181937369104,"Cluster_1",0.00222412893853528
"Bortezomib (Velcade)",463,221,242,167.309930882146,148.769884684542,57.9063166823024,56.8701588135299,160.64160926152,146.186583403495,0.000759694534505592,0.32305035813036,1.12462230670486,"Cluster_2",0.0026761966556447
"Gefitinib",466,217,249,227.93426465142,239.194404727258,36.9055939939793,28.9281100980508,232.754820839146,241.984619870447,0.000791829298528875,-0.339594116420064,0.952924734637177,"Cluster_1",0.00272741202826613
"Nutlin 3a",323,163,160,228.929524833897,245.857819491529,57.3810954700766,45.6222287038314,250.298897671979,261.508834621049,0.000949002549745119,-0.326572996276318,0.93114599855867,"Cluster_1",0.00319772598283681
"Bay 11-7085",343,167,176,240.424692693899,256.958307673611,49.3292082346685,30.117323934384,251.819332069951,264.842441173662,0.00102183839820376,-0.404559143366098,0.93565642952197,"Cluster_1",0.0033698925898209
"ABT-737",236,108,128,173.145132648397,195.294186337933,59.3267331634697,50.8833463062375,172.168850562158,200.061918028346,0.0011133992794981,-0.40076802688036,0.886586210757909,"Cluster_1",0.00359535184004596
"GSK-1838705A",453,215,238,198.159243842258,214.630702989118,52.6279964688641,38.7180920630834,204.245473976297,218.360446773432,0.00120000281299571,-0.356528569750684,0.923256743245654,"Cluster_1",0.00379592726559866
"Dasatinib",493,230,263,176.576347259374,160.002111397943,57.5177085071908,61.1264009178346,188.287397872139,157.476430944168,0.0012982941522529,0.279265013905758,1.10358760716732,"Cluster_2",0.004024711871984
"Cytarabine",329,163,166,180.764180453067,198.522737577893,53.6312433625992,47.5047229885884,187.297795466953,204.669589189538,0.00155800199830739,-0.350539257833946,0.910546482778286,"Cluster_1",0.00473510411250286
"TG100-115",451,215,236,243.995369744733,234.97970482826,38.2523107547961,37.1328907121856,248.465843622928,242.979552837145,0.00160740598187417,0.239162883857032,1.03836784509991,"Cluster_2",0.00479130629212493
"17-AAG (Tanespimycin)",449,212,237,158.63484592432,145.163502265736,53.6796517374111,46.9778438358213,160.179823940007,139.965114984814,0.00177809787000738,0.267075664247126,1.09280117555943,"Cluster_2",0.00520009754436121
"AGI-5198",299,142,157,233.63039161692,247.694849139502,45.8215186908411,31.4087158987068,242.525488136696,254.166817334724,0.00367629856751934,-0.358040082665875,0.943218611241041,"Cluster_1",0.0105523384808426
"Cabozantinib",450,215,235,159.44820769448,177.89673394915,63.335640965521,55.1125578993056,164.99076868211,180.909544773928,0.00411296355937114,-0.310755741048264,0.896296430827429,"Cluster_1",0.0115910791218641
"Vismodegib (GDC-0449)",457,221,236,272.385879406664,268.030708717868,31.7197201503721,35.0444937110798,285.515588807952,281.628756134359,0.00455933611886389,0.130302754593646,1.01624877503637,"Cluster_2",0.0126191504509008
"BEZ235",449,219,230,147.710540599526,134.312676199531,57.2370770326516,60.3568317208909,151.173682229523,131.040816373663,0.00467014377912353,0.227786491364045,1.09975130255086,"Cluster_2",0.0126191504509008
"KU-55933",453,220,233,226.93043575012,239.39706713335,50.2873488933216,43.4279147191251,238.105920753795,246.538253084969,0.0047220046848532,-0.26534355197519,0.947924878393407,"Cluster_1",0.0126191504509008
"YM-155",459,220,239,244.280309461151,234.888137288747,37.115389417963,38.9558557300179,252.087373627126,238.813719556699,0.00493925975150377,0.246858704947097,1.03998572376117,"Cluster_2",0.0129760213810692
"AT-101",85,45,40,180.165879609368,208.480714259241,52.8187242948176,35.9604620775948,189.609602657277,214.14024326577,0.00507155343589278,-0.626672737694412,0.864184873164507,"Cluster_1",0.013101513042723
"JNJ-38877605",454,217,237,223.354112926097,236.732796979432,48.5092206477665,33.0296963818574,232.321055517687,241.191155141647,0.00593588492060192,-0.32239639953336,0.943486140391028,"Cluster_1",0.0150829862736606
"Quizartinib (AC220)",461,216,245,140.89671082219,154.514408549897,58.1266861519764,44.4056793264761,138.808864983932,154.303646988676,0.00714757309464875,-0.263280333350364,0.911867780775215,"Cluster_1",0.0178689327366219
"Azacytidine",367,179,188,222.174677722238,238.951346722623,55.945560900473,36.8623934673633,233.78140185744,247.355482538165,0.00830011363553095,-0.354126494015356,0.929790439641843,"Cluster_1",0.0204209145001158
"Alisertib (MLN8237)",459,219,240,222.975066413961,231.117782656603,40.9133075217724,40.4609103512658,228.779249144851,239.737179137907,0.00980254582370564,-0.200127033407961,0.964768110229146,"Cluster_1",0.0233862300071166
"Lapatinib",464,225,239,218.373221611538,228.059776558245,38.2747612873405,30.6964465462936,224.828384093312,230.704688982232,0.00980712871266181,-0.279206564166959,0.957526245562056,"Cluster_1",0.0233862300071166
"PHT-427",448,218,230,265.811623121634,257.303161863709,30.4450097258594,42.7291194907248,278.227888818261,272.184280090251,0.0107287313834803,0.229344565732351,1.0330678457128,"Cluster_2",0.0251962630975674
"Doramapimod (BIRB 796)",454,220,234,173.705206135124,161.100445563161,58.0927355629418,57.9392405289612,178.266494393356,165.677807898251,0.0119336732131728,0.217263378035545,1.07824162452128,"Cluster_2",0.0276077514633102
"OTX-015",292,144,148,142.655217654691,128.09200583688,56.0682908639764,51.7022572701456,140.081642226627,124.517370539458,0.0160126608066109,0.270041784998322,1.11369337003244,"Cluster_2",0.0364994474268337
"Ponatinib (AP24534)",301,138,163,128.740290444309,144.701769496911,56.9369523443721,47.6317351973255,125.443910017635,140.94022096734,0.0179600094097186,-0.304080615615719,0.889693960840314,"Cluster_1",0.0403449486740055
"Foretinib (XL880)",453,215,238,112.090622002133,125.765430233509,63.0903896040295,53.8101122905149,111.266636133389,118.581263537464,0.0218034848060962,-0.23322261633342,0.891267352196973,"Cluster_1",0.0482791449277844
"Afatinib (BIBW-2992)",459,219,240,161.200889083345,171.822296583467,44.5018068833424,42.966289718016,164.764330742533,169.845703795638,0.022185593942273,-0.242826164450104,0.93818376478886,"Cluster_1",0.0484333388880608
"GSK-2879552",84,46,38,238.948240008142,266.398117766213,51.771904803167,20.7124121937146,249.766897057716,274.14777036581,0.0230028078249535,-0.696180275510987,0.896959190296681,"Cluster_1",0.0495199335120526
"PP242",458,218,240,137.899081267543,128.55845336279,52.4492495765853,50.153127969585,136.775373744685,125.715182036399,0.0313323169248896,0.182028722061403,1.07265666053398,"Cluster_2",0.0665275222377792
"XAV-939",270,126,144,252.87384810468,238.132775142174,33.5541492866153,50.8125023622335,263.306834710567,254.77972947168,0.0344022764032508,0.342362706743852,1.06190274712796,"Cluster_2",0.0714455830450228
"PI-103",452,220,232,139.282607491637,130.068095326826,55.5113349454416,51.2238795741965,144.026482320155,131.789044631079,0.034570443408882,0.172522014024762,1.07084375412477,"Cluster_2",0.0714455830450228
"LY294002",86,36,50,167.653969971123,147.573870504293,44.461894817649,37.6543681648622,171.346859724109,141.378845304087,0.0360355520207287,0.487393148354912,1.13606812234586,"Cluster_2",0.0734935600422756
"NVP-ADW742",444,215,229,208.404613280247,216.64479310067,46.8361923533945,44.3630170008693,213.858243633585,221.871171439069,0.0390821784054223,-0.180640854379032,0.96196456096411,"Cluster_1",0.0779180874352076
"Vemurafenib (PLX-4032)",358,172,186,240.596893766823,246.402185004988,42.5890298198212,36.2087090246434,249.464581677107,254.905764457408,0.0392836033964884,-0.146865984565854,0.97643977370555,"Cluster_1",0.0779180874352076
"Crenolanib",446,210,236,200.986173776947,214.664431749966,59.8646636742325,45.814748449815,217.191250918472,225.036798910505,0.0397130897250413,-0.256605394277588,0.936280743570266,"Cluster_1",0.0779180874352076
"Pazopanib (GW786034)",467,227,240,207.426175081768,216.511905646963,46.6605486074211,41.7841812164615,211.843509656385,220.839787785565,0.0417681687039666,-0.205143991315966,0.958035884733239,"Cluster_1",0.0809258268639352
"Linifanib (ABT-869)",453,217,236,196.450345497304,188.789794948751,65.5994355020179,52.5164221641736,205.104795178221,183.638845446935,0.0471027015533804,0.128924027054959,1.04057714322234,"Cluster_2",0.0901347992688144
"Lenvatinib",343,169,174,162.535007254489,175.056488926583,52.3185052461647,46.9277604037261,162.85394182108,172.226178791457,0.0492421296018462,-0.251960135117386,0.928471765034969,"Cluster_1",0.0930796352230019
"SGX-523",453,215,238,240.764908621402,247.898604433573,45.749292037381,38.0456302263893,249.139419167186,257.994172514734,0.0543942380545768,-0.16955057466547,0.971223332101966,"Cluster_1",0.10114919579957
"SNS-032 (BMS-387032)",458,217,241,99.9976937570633,90.2599915097433,47.7643733789609,34.608598089526,92.6698454159162,86.1905804300367,0.0548163383687993,0.233470701867698,1.10788503393853,"Cluster_2",0.10114919579957
"SB-203580",85,36,49,219.293212870043,204.459994620201,47.2127660859024,44.2666267542823,232.241933538264,203.008951229129,0.0573015126464761,0.324128337660576,1.07254826684993,"Cluster_2",0.104490993649456
"BMS-754807",41,24,17,191.541130691562,227.753213471797,63.7340577569947,62.9220163546996,198.875869221476,249.586331439336,0.0584679269411235,-0.571805794420577,0.841002977616739,"Cluster_1",0.105378240417141
"Artemisinin",196,97,99,244.952437396102,254.52301220624,46.6031693484292,46.2965369445763,263.967648698172,267.440550306145,0.0646304087331345,-0.20603989095621,0.962397998015271,"Cluster_1",0.115146130501561
"BI-2536",110,46,64,172.290707266692,156.681434134056,42.5034096160996,42.4375813583503,170.012343745655,146.897258643965,0.0686101959146652,0.367532054101364,1.0996242676671,"Cluster_2",0.120847504167876
"Tozasertib (VX-680)",458,219,239,206.476194054246,217.331846286754,49.9712420197131,36.1917808703436,216.062918900606,219.83753233934,0.0746799026565713,-0.248817653886405,0.950050338144251,"Cluster_1",0.130060504626613
"Axitinib (AG-013736)",476,225,251,196.956634130708,191.61454651163,50.4591498703529,46.6454544372527,200.411536018512,192.923863929475,0.0782940937714272,0.109942725240799,1.02787934275519,"Cluster_2",0.134839828161902
"Go6976",85,36,49,197.656242736905,184.15461159564,51.2501083273191,43.9220327501234,204.793295904092,178.599091066323,0.0937568335800942,0.282893385677961,1.07331682342505,"Cluster_2",0.159695705548512
"Staurosporine",89,37,52,208.459740577886,189.738106571241,55.5509505631573,56.50016304862,205.022528630486,187.483352683649,0.098443610948189,0.334150401337669,1.09867092248871,"Cluster_2",0.16585608366271
"SB-202190",85,35,50,212.898749514144,199.949832964822,51.4325004661365,48.1474268247216,231.096259379589,203.288920445227,0.108972710311947,0.25992941604246,1.06476082704005,"Cluster_2",0.181621183853246
"AKT Inhibitor IV",83,34,49,138.916340257274,128.539635148616,36.3495814771311,38.7599817846226,141.059204345857,123.537794376521,0.119088282746581,0.276166319869716,1.08072766891442,"Cluster_2",0.196368976869362
"AMPK Inhibitor",85,35,50,208.332220952591,220.519253833839,42.2388451868707,42.7644650351212,216.302985899423,235.617155093446,0.151809542564997,-0.286737066232797,0.944734835306351,"Cluster_1",0.24768925365868
"SB-431542",459,221,238,238.254136385069,246.12355646788,48.8063159902167,39.8951711681613,250.674419515127,256.494492083524,0.161600161478813,-0.176547356176078,0.968026546521003,"Cluster_1",0.260916927387666
"Entospletinib (GS-9973)",313,158,155,173.488062530036,185.190473766021,56.7795793517277,47.7154922988898,180.886519366408,184.487737634043,0.17154686915613,-0.223142253280723,0.936808783961691,"Cluster_1",0.274121285764951
"PRT062607",447,216,231,198.232944193959,192.813970940385,45.8745425240439,45.6779982466667,199.999458982366,194.675378691635,0.182851571104481,0.118379254595081,1.02810467118718,"Cluster_2",0.289204015522394
"STO609",415,193,222,252.76841459435,255.493059121386,27.6331070408726,28.2189107445461,259.783016044963,263.171551594124,0.195378133142215,-0.097561190456987,0.989335739544529,"Cluster_1",0.305895056939831
"Ruxolitinib (INCB018424)",449,212,237,227.029639500297,224.153023615052,35.9310328542226,35.4662048157083,232.520062575011,226.64892033601,0.202598277417733,0.0805788855991242,1.01283326826849,"Cluster_2",0.314027329997487
"TG101348",85,34,51,165.179329176608,152.829465944523,38.2639238696843,39.8917722746793,160.055838324053,154.607471512345,0.231087459357664,0.315963798460688,1.08080812921618,"Cluster_2",0.352041610290838
"JAK Inhibitor I",448,212,236,175.584259871592,171.491852099891,52.8818148346265,45.4112458014874,179.834087440596,174.84037471977,0.231666091933326,0.0830300510717195,1.02386356973576,"Cluster_2",0.352041610290838
"GSK690693",447,215,232,230.658360287162,235.58659878898,44.7730659893999,40.2116496518031,240.389402733936,243.505247373767,0.245139984627932,-0.115812709486945,0.979080989635443,"Cluster_1",0.368899976867276
"p38 MAP Kinase Inhibitor",85,36,49,230.680259480784,226.108382484156,47.8374892561395,34.8430958047541,241.404849154492,233.045733467947,0.262086847326843,0.109250272184048,1.02021984743068,"Cluster_2",0.390610205150584
"GW-2580",440,207,233,203.786758806899,201.67031968153,50.2733667418357,44.7471337766975,209.260384350822,202.844741711516,0.268554775922378,0.0444718530518404,1.01049454936508,"Cluster_2",0.396438002552082
"JNJ-28312141",316,147,169,138.742597695059,147.265791479179,56.976806887758,65.0132511394001,142.865628091731,153.539580872003,0.304407079585153,-0.139433639603816,0.942123736283146,"Cluster_1",0.445123559770743
"Lestaurtinib (CEP-701)",84,33,51,176.164822815155,167.445219156743,44.5026756177052,48.9694461166771,180.774370095473,164.387762141398,0.327089678385084,0.186358550617538,1.05207436618569,"Cluster_2",0.473821496726057
"Lovastatin",134,70,64,231.317054208503,228.776729817014,52.5283223124798,41.9164415775803,247.320112663964,232.567537336335,0.338220457144462,0.0534585261693971,1.011103945727,"Cluster_2",0.485408989420293
"Metformin",43,25,18,249.783572531867,262.515134498512,36.8152561864865,29.7377736798087,256.1099705685,271.678035073916,0.381137062952971,-0.380453802069462,0.951501607741717,"Cluster_1",0.54198389685973
"BLZ945",45,26,19,180.28769197902,195.756845203711,60.2926554576646,57.2113265322299,184.458887178414,195.121151341353,0.418454315146487,-0.263205331083961,0.920977714937151,"Cluster_1",0.584475368855259
"MLN120B",453,215,238,234.691988086808,234.435190125957,47.7018213779052,38.547067204428,245.213241518234,241.390350146871,0.418559780276992,0.00592154813027164,1.00109538999121,"Cluster_2",0.584475368855259
"Birinapant",86,46,40,146.377860801705,139.884515029608,69.7389669335823,49.651409733876,152.237906010154,142.80520195921,0.428233019531883,0.107267339069049,1.04641933219501,"Cluster_2",0.587209028634508
"Olaparib",148,74,74,260.393886409797,267.146659741566,46.4064970349564,25.7813978628534,281.036733734943,274.827026732895,0.434605329848597,-0.1798903709584,0.974722598671826,"Cluster_1",0.587209028634508
"PD173955",453,219,234,185.436506470358,190.333852783615,63.1838888085708,62.7779921182798,189.586588357854,196.721033710912,0.435201338168251,-0.0777587767203206,0.974269704303079,"Cluster_1",0.587209028634508
"GSK-1904529A",452,217,235,238.384616858647,242.029393406857,38.6830542958315,36.1076023262808,247.908027134261,249.759487105514,0.438885748100098,-0.0974083566278414,0.984940768983035,"Cluster_1",0.587209028634508
"JNJ-7706621",457,219,238,234.848894474638,236.026743586933,30.1136131524825,30.4455006543311,235.967339952446,241.26172180712,0.441103826487831,-0.0388985687042848,0.995009679435495,"Cluster_1",0.587209028634508
"CYT387",455,219,236,172.708006088254,176.27670964295,51.1300644325639,44.9170304412527,170.000858644117,172.903614744014,0.443248105485403,-0.0741565451665889,0.979755104563025,"Cluster_1",0.587209028634508
"Ralimetinib (LY2228820)",42,25,17,139.773238172632,129.868567588136,67.675173498502,62.8839306044057,159.633679082305,123.271539932432,0.461625086556368,0.151624934923323,1.07626688095851,"Cluster_2",0.606371935730823
"H-89",413,194,219,224.625426110716,222.270283188301,51.1858407666338,52.2120778091066,234.299512923238,234.132617441338,0.485983334020307,0.045552695124622,1.01059585153999,"Cluster_2",0.629329683882073
"XMD 8-87",45,26,19,204.469878698861,213.409198986381,50.1769913965861,47.0119460885159,217.509882288951,210.033145007565,0.487222981069992,-0.183860098521484,0.958111832432814,"Cluster_1",0.629329683882073
"Midostaurin",462,222,240,192.078251191127,198.564311054981,62.1865678367662,55.1385423694971,205.077468918583,202.169504338579,0.496932313048958,-0.110366625712299,0.967335218351208,"Cluster_1",0.636566186137095
"VX-745",457,219,238,190.889154223929,191.114008665221,54.3363387962357,50.0097370439029,204.456518890292,195.312236100579,0.503531648740147,-0.00430608236529452,0.998823453901356,"Cluster_1",0.63973283241576
"Tandutinib (MLN518)",83,35,48,208.230031982686,199.939946861718,37.7243963694145,48.8351116741243,205.69913171542,208.302314618658,0.523630427071922,0.189987758827471,1.04146287548381,"Cluster_2",0.659859481269495
"Entrectinib",215,108,107,173.607999544272,181.044822024712,52.4134637504803,38.3061831520148,179.831665085489,184.101411026724,0.535646087901765,-0.162004690202491,0.958922755164879,"Cluster_1",0.669557609877206
"S31-201",403,190,213,219.841895204464,223.674668366976,55.588527394455,51.9621115107795,230.494303373149,238.593309462319,0.560764489409535,-0.0712333517073921,0.982864518407495,"Cluster_1",0.695347966867824
"GDC-0879",456,216,240,270.720802560464,270.85844547036,35.3450117744512,31.205288609447,284.503953202685,283.833160806805,0.609415428553249,-0.00412852781558343,0.99949182714367,"Cluster_1",0.749662873183622
"Volasertib (BI-6727)",349,174,175,159.878236803759,157.829520722384,46.0879474751434,39.0531699046577,161.895386402163,158.101714851593,0.614239902544,0.047961750607503,1.01298056328118,"Cluster_2",0.749662873183622
"Ranolazine",45,26,19,204.219715023297,210.91080060974,85.2047064781318,56.0005134748754,237.816451862345,219.158934149024,0.621200707315006,-0.0928069598392354,0.968275282408017,"Cluster_1",0.752235231514266
"KN92",85,36,49,236.46375140009,234.035046952074,34.4908308880269,35.1422732153263,244.983543524473,234.991687880687,0.654993257245183,0.0697541263726663,1.01037752456158,"Cluster_2",0.78082372759018
"Bosutinib (SKI-606)",456,218,238,204.407795467076,206.156788234273,49.0382157076978,50.6217702567742,210.437603096223,209.883846848489,0.658389918287733,-0.0350947674842964,0.991516200935332,"Cluster_1",0.78082372759018
"Indisulam",117,60,57,170.862264054507,184.124900975371,79.1980694139328,53.2517109048122,186.366791824561,184.5945847737,0.664640985875103,-0.196531190974183,0.927969346619564,"Cluster_1",0.78082372759018
"PP2",85,35,50,215.605871692936,218.554205691843,37.1647762200593,41.2115013886771,224.776059853914,225.635885274281,0.664959561560669,-0.0751352832413573,0.986509827209347,"Cluster_1",0.78082372759018
"KN93",86,36,50,237.893318214212,238.801183233744,28.8029721708246,33.0523071921688,240.413965272664,242.988213305704,0.687187356810259,-0.029285463906065,0.996198239023616,"Cluster_1",0.800857445906693
"AZD1480",456,218,238,221.607579759354,224.7553902699,47.2247653511176,41.3727782297762,229.005020090239,229.727770383848,0.701121920578455,-0.0709041394875224,0.985994504929266,"Cluster_1",0.810999236490004
"Crizotinib (PF-2341066)",470,222,248,191.463271913575,194.236278131367,45.2979653021325,40.1271199514623,195.644946693816,198.039026411907,0.70652557011304,-0.0648039160222482,0.985723541222733,"Cluster_1",0.811196024944602
"PH-797804",45,26,19,139.548299703032,139.454970962631,64.6384946373352,57.7304840403198,139.330750325288,140.572780214718,0.758773773981824,0.00152294123860098,1.00066923925162,"Cluster_2",0.864778933582225
"Masitinib (AB-1010)",448,216,232,201.382271481825,203.88591374401,51.5028641008263,44.089108811789,205.346173517526,209.565739301175,0.766570285987075,-0.0522250208921784,0.987720376478152,"Cluster_1",0.865020753531537
"Baiclein",45,26,19,268.331461197847,270.815339439814,33.3159220473384,19.5680444698418,277.911388626988,276.082264874307,0.771237958835246,-0.0909150751115893,0.990828147891824,"Cluster_1",0.865020753531537
"Etomoxir",44,25,19,250.161638441145,241.695282676435,28.6549492200571,43.7335381249125,252.084123217275,253.422545507118,0.775728288650862,0.228999125497618,1.03502904844049,"Cluster_2",0.865020753531537
"NVP-AEW541",44,26,18,221.095191063931,218.232756132397,43.0644708503891,56.0446247994403,225.121356862915,228.64982222512,0.785916780950819,0.0572741992384743,1.01311643120062,"Cluster_2",0.870122150338407
"JQ1",348,172,176,141.299750749007,143.042805810992,51.2177100199572,47.6588127664717,147.27638390151,142.807623927375,0.80925014241817,-0.0352343918731918,0.987814451400732,"Cluster_1",0.876619703506001
"PLX-4720",88,37,51,224.15627130411,219.758895273853,30.1025419915802,36.0444147735481,227.546342530041,228.625893343072,0.812902455592597,0.132424570589245,1.02001000243825,"Cluster_2",0.876619703506001
"KI20227",405,190,215,183.135507780305,182.505781976585,62.865923982416,60.0706655732733,182.630301188144,185.008156427131,0.814056595406588,0.0102420782667857,1.003450443032,"Cluster_2",0.876619703506001
"Selinexor",241,123,118,105.813902923636,101.749727820488,50.8248536579076,48.730256433491,94.4685676090168,97.6937098362083,0.814407982612026,0.0816286751429714,1.03994285970296,"Cluster_2",0.876619703506001
"Tivozanib (AV-951)",448,217,231,167.378890001437,169.922980594726,63.1901605258808,63.1540870409712,173.685866618188,169.163771220694,0.820639772009878,-0.0402723596615627,0.985027978061684,"Cluster_1",0.877235618355387
"BMS-345541",462,220,242,232.424365653387,231.000131875172,30.2196610502034,32.7922611988355,236.223224177075,238.528697063036,0.911112672062786,0.0451675876606006,1.00616551067159,"Cluster_2",0.967277151847479
"Ibrutinib (PCI-32765)",438,211,227,193.917548095702,197.021462532251,59.5451040196677,48.2291975514093,198.534586343124,197.171809996619,0.922966800687544,-0.0572853719740327,0.984245805524659,"Cluster_1",0.973196286439247
"Perhexiline maleate",37,22,15,159.400038593361,164.460762276869,80.4935195291394,48.3840811923701,167.018406940717,166.872843040227,0.939149230622564,-0.0762057543860895,0.969228382421162,"Cluster_1",0.983568450989848
"MGCD-265",448,214,234,200.334367087599,202.650989316454,55.6923497407254,50.090615237969,209.882627696615,211.40911699336,0.956013475694084,-0.0437382498122948,0.988568413918585,"Cluster_1",0.987960120851023
"Vatalanib (PTK787)",452,219,233,215.468240566464,215.784675779554,44.2729459221289,45.541604954611,224.233477733186,222.833325076969,0.957765634573743,-0.00704571022004656,0.998533560309845,"Cluster_1",0.987960120851023
"JNK Inhibitor II",82,34,48,209.296676297583,207.951617231717,40.6912653595592,42.7176504104325,205.565768256317,209.180283707271,0.962464375796803,0.0322426513776186,1.00646813467369,"Cluster_2",0.987960120851023
"Saracatinib (AZD0530)",450,217,233,213.914385771449,215.226682468363,43.6756594834353,44.341728006091,217.487889365988,217.454533756805,0.982058428659306,-0.0298181793533586,0.993902723018058,"Cluster_1",0.991666927888911
"Imatinib",505,238,267,226.627802155834,227.545847159464,44.0138752376709,39.8509929630361,233.910371847402,234.758964074957,0.982210309331606,-0.0218665124114182,0.995965450413223,"Cluster_1",0.991666927888911
"CHIR-99021",457,220,237,265.235603805095,264.50939855247,36.1335541104452,34.8579123612454,277.061864280101,277.448692015236,0.986123428324384,0.0204556428381166,1.00274547995874,"Cluster_2",0.991666927888911
"Gilteritinib",278,139,139,136.402806657466,139.527503688921,65.903749343474,56.2646383688446,142.156547680589,140.172362031595,0.991666927888911,-0.0509954541774011,0.977605153472673,"Cluster_1",0.991666927888911
